penalty;method;value;score;sim;env;training
0.02;rcp;1.0;in_pi;20230538;ENSG00000169727;observational
0.02;dwrcp;0.9469026548672567;in_pi;20230538;ENSG00000169727;observational
0.02;rcp;3.204475163247027;pi_width;20230538;ENSG00000169727;observational
0.02;dwrcp;1.4284639724286512;pi_width;20230538;ENSG00000169727;observational
