penalty;method;value;score;sim;env;training
0.001;rcp;1.0;in_pi;20230548;ENSG00000175792;observational
0.001;dwrcp;0.8041101055806938;in_pi;20230548;ENSG00000175792;observational
0.001;rcp;3.090122327365085;pi_width;20230548;ENSG00000175792;observational
0.001;dwrcp;1.974840269948989;pi_width;20230548;ENSG00000175792;observational
