penalty;method;value;score;sim;env;training
0.02;rcp;1.0;in_pi;20230570;ENSG00000163754;observational
0.02;dwrcp;0.954225352112676;in_pi;20230570;ENSG00000163754;observational
0.02;rcp;3.212692813940783;pi_width;20230570;ENSG00000163754;observational
0.02;dwrcp;1.3702318317245021;pi_width;20230570;ENSG00000163754;observational
