penalty;method;value;score;sim;env;training
0.005;rcp;1.0;in_pi;20230575;ENSG00000111581;observational
0.005;dwrcp;0.9202898550724637;in_pi;20230575;ENSG00000111581;observational
0.005;rcp;3.196689691192778;pi_width;20230575;ENSG00000111581;observational
0.005;dwrcp;1.3986178537173646;pi_width;20230575;ENSG00000111581;observational
