penalty;method;value;score;sim;env;training
0.04;rcp;1.0;in_pi;20230575;ENSG00000111581;observational
0.04;dwrcp;0.9420289855072463;in_pi;20230575;ENSG00000111581;observational
0.04;rcp;3.196689691192778;pi_width;20230575;ENSG00000111581;observational
0.04;dwrcp;1.8246537820265964;pi_width;20230575;ENSG00000111581;observational
