penalty;method;value;score;sim;env;training
0.04;rcp;0.9933333333333334;in_pi;20230553;ENSG00000131931;observational
0.04;dwrcp;0.98;in_pi;20230553;ENSG00000131931;observational
0.04;rcp;3.2418039326280765;pi_width;20230553;ENSG00000131931;observational
0.04;dwrcp;2.77097747767258;pi_width;20230553;ENSG00000131931;observational
