penalty;method;value;score;sim;env;training
0.04;rcp;1.0;in_pi;20230537;ENSG00000112118;observational
0.04;dwrcp;0.9442571785268414;in_pi;20230537;ENSG00000112118;observational
0.04;rcp;3.144660580234566;pi_width;20230537;ENSG00000112118;observational
0.04;dwrcp;1.489604760588072;pi_width;20230537;ENSG00000112118;observational
