penalty;method;value;score;sim;env;training
0.025;rcp;0.9916666666666667;in_pi;20230580;ENSG00000198258;observational
0.025;dwrcp;0.8333333333333333;in_pi;20230580;ENSG00000198258;observational
0.025;rcp;3.247970140774398;pi_width;20230580;ENSG00000198258;observational
0.025;dwrcp;1.4551938589968454;pi_width;20230580;ENSG00000198258;observational
