penalty;method;value;score;sim;env;training
0.02;rcp;1.0;in_pi;20230550;ENSG00000105258;observational
0.02;dwrcp;0.727112676056338;in_pi;20230550;ENSG00000105258;observational
0.02;rcp;3.1776461026429597;pi_width;20230550;ENSG00000105258;observational
0.02;dwrcp;1.384513800481856;pi_width;20230550;ENSG00000105258;observational
