penalty;method;value;score;sim;env;training
0.001;rcp;0.9809506531204644;in_pi;20230566;ENSG00000137955;observational
0.001;dwrcp;0.8951378809869376;in_pi;20230566;ENSG00000137955;observational
0.001;rcp;3.205301066314595;pi_width;20230566;ENSG00000137955;observational
0.001;dwrcp;2.5379233233381178;pi_width;20230566;ENSG00000137955;observational
