penalty;method;value;score;sim;env;training
0.01;rcp;1.0;in_pi;20230534;ENSG00000268043;observational
0.01;dwrcp;0.9611860520516944;in_pi;20230534;ENSG00000268043;observational
0.01;rcp;3.3078777899198606;pi_width;20230534;ENSG00000268043;observational
0.01;dwrcp;1.2759601388605175;pi_width;20230534;ENSG00000268043;observational
