penalty;method;value;score;sim;env;training
0.04;rcp;1.0;in_pi;20230545;ENSG00000142731;observational
0.04;dwrcp;0.9540229885057472;in_pi;20230545;ENSG00000142731;observational
0.04;rcp;3.2938938684333503;pi_width;20230545;ENSG00000142731;observational
0.04;dwrcp;1.5479285215764536;pi_width;20230545;ENSG00000142731;observational
