penalty;method;value;score;sim;env;training
0.04;rcp;1.0;in_pi;20230548;ENSG00000175792;observational
0.04;dwrcp;0.8137254901960784;in_pi;20230548;ENSG00000175792;observational
0.04;rcp;3.090122327365085;pi_width;20230548;ENSG00000175792;observational
0.04;dwrcp;2.202911130457366;pi_width;20230548;ENSG00000175792;observational
