penalty;method;value;score;sim;env;training
0.01;rcp;0.9916666666666667;in_pi;20230580;ENSG00000198258;observational
0.01;dwrcp;0.8;in_pi;20230580;ENSG00000198258;observational
0.01;rcp;3.247970140774398;pi_width;20230580;ENSG00000198258;observational
0.01;dwrcp;1.3183386305110012;pi_width;20230580;ENSG00000198258;observational
