penalty;method;value;score;sim;env;training
0.015;rcp;0.9554794520547945;in_pi;20230540;ENSG00000197734;observational
0.015;dwrcp;0.6986301369863014;in_pi;20230540;ENSG00000197734;observational
0.015;rcp;3.223034042881416;pi_width;20230540;ENSG00000197734;observational
0.015;dwrcp;1.5581638083039386;pi_width;20230540;ENSG00000197734;observational
