penalty;method;value;score;sim;env;training
0.035;rcp;1.0;in_pi;20230533;ENSG00000119414;observational
0.035;dwrcp;0.9597115498285849;in_pi;20230533;ENSG00000119414;observational
0.035;rcp;3.251011428267164;pi_width;20230533;ENSG00000119414;observational
0.035;dwrcp;1.3319316702879869;pi_width;20230533;ENSG00000119414;observational
