penalty;method;value;score;sim;env;training
0.03;rcp;1.0;in_pi;20230542;ENSG00000174780;observational
0.03;dwrcp;0.9428571428571428;in_pi;20230542;ENSG00000174780;observational
0.03;rcp;3.2695404876483245;pi_width;20230542;ENSG00000174780;observational
0.03;dwrcp;2.5954586889977254;pi_width;20230542;ENSG00000174780;observational
