penalty;method;value;score;sim;env;training
0.015;rcp;0.9916666666666667;in_pi;20230580;ENSG00000198258;observational
0.015;dwrcp;0.8083333333333333;in_pi;20230580;ENSG00000198258;observational
0.015;rcp;3.247970140774398;pi_width;20230580;ENSG00000198258;observational
0.015;dwrcp;1.3674865329674124;pi_width;20230580;ENSG00000198258;observational
