penalty;method;value;score;sim;env;training
0.02;rcp;1.0;in_pi;20230565;ENSG00000189091;observational
0.02;dwrcp;0.8493150684931507;in_pi;20230565;ENSG00000189091;observational
0.02;rcp;3.2731358920480234;pi_width;20230565;ENSG00000189091;observational
0.02;dwrcp;1.983629130906373;pi_width;20230565;ENSG00000189091;observational
