penalty;method;value;score;sim;env;training
0.03;rcp;1.0;in_pi;20230541;ENSG00000205571;observational
0.03;dwrcp;0.8561320754716981;in_pi;20230541;ENSG00000205571;observational
0.03;rcp;3.2300123461939165;pi_width;20230541;ENSG00000205571;observational
0.03;dwrcp;2.0834608532091288;pi_width;20230541;ENSG00000205571;observational
