penalty;method;value;score;sim;env;training
0.005;rcp;1.0;in_pi;20230538;ENSG00000169727;observational
0.005;dwrcp;0.9247787610619469;in_pi;20230538;ENSG00000169727;observational
0.005;rcp;3.204475163247027;pi_width;20230538;ENSG00000169727;observational
0.005;dwrcp;1.2665300531241712;pi_width;20230538;ENSG00000169727;observational
