penalty;method;value;score;sim;env;training
0.025;rcp;1.0;in_pi;20230557;ENSG00000197780;observational
0.025;dwrcp;0.9285714285714286;in_pi;20230557;ENSG00000197780;observational
0.025;rcp;3.2096364773242154;pi_width;20230557;ENSG00000197780;observational
0.025;dwrcp;1.913156528075162;pi_width;20230557;ENSG00000197780;observational
