penalty;method;value;score;sim;env;training
0.02;rcp;1.0;in_pi;20230533;ENSG00000119414;observational
0.02;dwrcp;0.9506181075101752;in_pi;20230533;ENSG00000119414;observational
0.02;rcp;3.251011428267164;pi_width;20230533;ENSG00000119414;observational
0.02;dwrcp;1.2474863937783804;pi_width;20230533;ENSG00000119414;observational
