penalty;method;value;score;sim;env;training
0.005;rcp;1.0;in_pi;20230535;ENSG00000146007;observational
0.005;dwrcp;0.9166666666666667;in_pi;20230535;ENSG00000146007;observational
0.005;rcp;3.2080097370306015;pi_width;20230535;ENSG00000146007;observational
0.005;dwrcp;1.1832188969185782;pi_width;20230535;ENSG00000146007;observational
