penalty;method;value;score;sim;env;training
0.001;rcp;1.0;in_pi;20230533;ENSG00000119414;observational
0.001;dwrcp;0.9129287487544965;in_pi;20230533;ENSG00000119414;observational
0.001;rcp;3.251011428267164;pi_width;20230533;ENSG00000119414;observational
0.001;dwrcp;1.0539404007543842;pi_width;20230533;ENSG00000119414;observational
