penalty;method;value;score;sim;env;training
0.03;rcp;1.0;in_pi;20230548;ENSG00000175792;observational
0.03;dwrcp;0.8041101055806938;in_pi;20230548;ENSG00000175792;observational
0.03;rcp;3.090122327365085;pi_width;20230548;ENSG00000175792;observational
0.03;dwrcp;2.0386938713584835;pi_width;20230548;ENSG00000175792;observational
