penalty;method;value;score;sim;env;training
0.005;rcp;1.0;in_pi;20230533;ENSG00000119414;observational
0.005;dwrcp;0.9265744008916961;in_pi;20230533;ENSG00000119414;observational
0.005;rcp;3.251011428267164;pi_width;20230533;ENSG00000119414;observational
0.005;dwrcp;1.1141719213482288;pi_width;20230533;ENSG00000119414;observational
