penalty;method;value;score;sim;env;training
0.035;rcp;1.0;in_pi;20230572;ENSG00000075856;observational
0.035;dwrcp;0.944149720011789;in_pi;20230572;ENSG00000075856;observational
0.035;rcp;3.1835503144047457;pi_width;20230572;ENSG00000075856;observational
0.035;dwrcp;1.552066384155285;pi_width;20230572;ENSG00000075856;observational
