penalty;method;value;score;sim;env;training
0.02;rcp;1.0;in_pi;20230541;ENSG00000205571;observational
0.02;dwrcp;0.8301886792452831;in_pi;20230541;ENSG00000205571;observational
0.02;rcp;3.2300123461939165;pi_width;20230541;ENSG00000205571;observational
0.02;dwrcp;2.018137693001604;pi_width;20230541;ENSG00000205571;observational
