penalty;method;value;score;sim;env;training
0.005;rcp;1.0;in_pi;20230572;ENSG00000075856;observational
0.005;dwrcp;0.8369068670792809;in_pi;20230572;ENSG00000075856;observational
0.005;rcp;3.1835503144047457;pi_width;20230572;ENSG00000075856;observational
0.005;dwrcp;1.1607385866352122;pi_width;20230572;ENSG00000075856;observational
