penalty;method;value;score;sim;env;training
0.025;rcp;1.0;in_pi;20230537;ENSG00000112118;observational
0.025;dwrcp;0.9275280898876405;in_pi;20230537;ENSG00000112118;observational
0.025;rcp;3.144660580234566;pi_width;20230537;ENSG00000112118;observational
0.025;dwrcp;1.3730000792205517;pi_width;20230537;ENSG00000112118;observational
