penalty;method;value;score;sim;env;training
0.03;rcp;1.0;in_pi;20230534;ENSG00000268043;observational
0.03;dwrcp;0.974117086534453;in_pi;20230534;ENSG00000268043;observational
0.03;rcp;3.3078777899198606;pi_width;20230534;ENSG00000268043;observational
0.03;dwrcp;1.3820756840948831;pi_width;20230534;ENSG00000268043;observational
