penalty;method;value;score;sim;env;training
0.025;rcp;1.0;in_pi;20230533;ENSG00000119414;observational
0.025;dwrcp;0.9551644064647966;in_pi;20230533;ENSG00000119414;observational
0.025;rcp;3.251011428267164;pi_width;20230533;ENSG00000119414;observational
0.025;dwrcp;1.2767747850240303;pi_width;20230533;ENSG00000119414;observational
