penalty;method;value;score;sim;env;training
0.02;rcp;1.0;in_pi;20230547;ENSG00000183479;observational
0.02;dwrcp;0.9348958333333333;in_pi;20230547;ENSG00000183479;observational
0.02;rcp;3.197289285387751;pi_width;20230547;ENSG00000183479;observational
0.02;dwrcp;1.259353447641714;pi_width;20230547;ENSG00000183479;observational
