penalty;method;value;score;sim;env;training
0.035;rcp;1.0;in_pi;20230564;ENSG00000174243;observational
0.035;dwrcp;0.9583333333333333;in_pi;20230564;ENSG00000174243;observational
0.035;rcp;3.240315509082098;pi_width;20230564;ENSG00000174243;observational
0.035;dwrcp;1.6305516653489858;pi_width;20230564;ENSG00000174243;observational
