penalty;method;value;score;sim;env;training
0.035;rcp;1.0;in_pi;20230550;ENSG00000105258;observational
0.035;dwrcp;0.7623239436619718;in_pi;20230550;ENSG00000105258;observational
0.035;rcp;3.1776461026429597;pi_width;20230550;ENSG00000105258;observational
0.035;dwrcp;1.459118034171424;pi_width;20230550;ENSG00000105258;observational
