penalty;method;value;score;sim;env;training
0.03;rcp;1.0;in_pi;20230555;ENSG00000124207;observational
0.03;dwrcp;0.9801587301587301;in_pi;20230555;ENSG00000124207;observational
0.03;rcp;3.2164606272816636;pi_width;20230555;ENSG00000124207;observational
0.03;dwrcp;1.666796295340116;pi_width;20230555;ENSG00000124207;observational
