penalty;method;value;score;sim;env;training
0.015;rcp;1.0;in_pi;20230562;ENSG00000083896;observational
0.015;dwrcp;0.967391304347826;in_pi;20230562;ENSG00000083896;observational
0.015;rcp;3.2164800985677857;pi_width;20230562;ENSG00000083896;observational
0.015;dwrcp;2.0754325906801587;pi_width;20230562;ENSG00000083896;observational
