penalty;method;value;score;sim;env;training
0.04;rcp;1.0;in_pi;20230558;ENSG00000100804;pooled
0.04;dwrcp;0.7667306052855924;in_pi;20230558;ENSG00000100804;pooled
0.04;rcp;3.624500262277416;pi_width;20230558;ENSG00000100804;pooled
0.04;dwrcp;2.279166904517509;pi_width;20230558;ENSG00000100804;pooled
