penalty;method;value;score;sim;env;training
0.005;rcp;1.0;in_pi;20230550;ENSG00000105258;observational
0.005;dwrcp;0.698943661971831;in_pi;20230550;ENSG00000105258;observational
0.005;rcp;3.1776461026429597;pi_width;20230550;ENSG00000105258;observational
0.005;dwrcp;1.284026465308152;pi_width;20230550;ENSG00000105258;observational
