penalty;method;value;score;sim;env;training
0.005;rcp;1.0;in_pi;20230541;ENSG00000205571;observational
0.005;dwrcp;0.8113207547169812;in_pi;20230541;ENSG00000205571;observational
0.005;rcp;3.2300123461939165;pi_width;20230541;ENSG00000205571;observational
0.005;dwrcp;1.967889108226585;pi_width;20230541;ENSG00000205571;observational
