penalty;method;value;score;sim;env;training
0.03;rcp;1.0;in_pi;20230550;ENSG00000105258;observational
0.03;dwrcp;0.755281690140845;in_pi;20230550;ENSG00000105258;observational
0.03;rcp;3.1776461026429597;pi_width;20230550;ENSG00000105258;observational
0.03;dwrcp;1.42409972039877;pi_width;20230550;ENSG00000105258;observational
