penalty;method;value;score;sim;env;training
0.001;rcp;1.0;in_pi;20230534;ENSG00000268043;observational
0.001;dwrcp;0.9422130903460186;in_pi;20230534;ENSG00000268043;observational
0.001;rcp;3.3078777899198606;pi_width;20230534;ENSG00000268043;observational
0.001;dwrcp;1.1853864423742904;pi_width;20230534;ENSG00000268043;observational
