penalty;method;value;score;sim;env;training
0.01;rcp;1.0;in_pi;20230533;ENSG00000119414;observational
0.01;dwrcp;0.93762349484066;in_pi;20230533;ENSG00000119414;observational
0.01;rcp;3.251011428267164;pi_width;20230533;ENSG00000119414;observational
0.01;dwrcp;1.1728591248617841;pi_width;20230533;ENSG00000119414;observational
