penalty;method;value;score;sim;env;training
0.005;rcp;1.0;in_pi;20230574;ENSG00000198952;observational
0.005;dwrcp;0.8636363636363635;in_pi;20230574;ENSG00000198952;observational
0.005;rcp;3.2383906830649556;pi_width;20230574;ENSG00000198952;observational
0.005;dwrcp;1.147319219371068;pi_width;20230574;ENSG00000198952;observational
