penalty;method;value;score;sim;env;training
0.035;rcp;0.9916666666666667;in_pi;20230580;ENSG00000198258;observational
0.035;dwrcp;0.8583333333333334;in_pi;20230580;ENSG00000198258;observational
0.035;rcp;3.247970140774398;pi_width;20230580;ENSG00000198258;observational
0.035;dwrcp;1.5431666267867135;pi_width;20230580;ENSG00000198258;observational
