penalty;method;value;score;sim;env;training
0.005;rcp;1.0;in_pi;20230564;ENSG00000174243;observational
0.005;dwrcp;0.8869047619047619;in_pi;20230564;ENSG00000174243;observational
0.005;rcp;3.240315509082098;pi_width;20230564;ENSG00000174243;observational
0.005;dwrcp;1.3847486253466197;pi_width;20230564;ENSG00000174243;observational
