penalty;method;value;score;sim;env;training
0.025;rcp;1.0;in_pi;20230572;ENSG00000075856;observational
0.025;dwrcp;0.8884836427939876;in_pi;20230572;ENSG00000075856;observational
0.025;rcp;3.1835503144047457;pi_width;20230572;ENSG00000075856;observational
0.025;dwrcp;1.330910540316237;pi_width;20230572;ENSG00000075856;observational
