penalty;method;value;score;sim;env;training
0.03;rcp;1.0;in_pi;20230547;ENSG00000183479;observational
0.03;dwrcp;0.9453125;in_pi;20230547;ENSG00000183479;observational
0.03;rcp;3.197289285387751;pi_width;20230547;ENSG00000183479;observational
0.03;dwrcp;1.3201627533698095;pi_width;20230547;ENSG00000183479;observational
