penalty;method;value;score;sim;env;training
0.005;rcp;1.0;in_pi;20230570;ENSG00000163754;observational
0.005;dwrcp;0.9225352112676056;in_pi;20230570;ENSG00000163754;observational
0.005;rcp;3.212692813940783;pi_width;20230570;ENSG00000163754;observational
0.005;dwrcp;1.2332458187360138;pi_width;20230570;ENSG00000163754;observational
