penalty;method;value;score;sim;env;training
0.025;rcp;1.0;in_pi;20230550;ENSG00000105258;observational
0.025;dwrcp;0.7411971830985915;in_pi;20230550;ENSG00000105258;observational
0.025;rcp;3.1776461026429597;pi_width;20230550;ENSG00000105258;observational
0.025;dwrcp;1.399739154296054;pi_width;20230550;ENSG00000105258;observational
