penalty;method;value;score;sim;env;training
0.02;rcp;1.0;in_pi;20230545;ENSG00000142731;observational
0.02;dwrcp;0.9310344827586207;in_pi;20230545;ENSG00000142731;observational
0.02;rcp;3.2938938684333503;pi_width;20230545;ENSG00000142731;observational
0.02;dwrcp;1.3912664781718878;pi_width;20230545;ENSG00000142731;observational
