penalty;method;value;score;sim;env;training
0.035;rcp;1.0;in_pi;20230536;ENSG00000113141;observational
0.035;dwrcp;0.9791118421052631;in_pi;20230536;ENSG00000113141;observational
0.035;rcp;3.239692846320485;pi_width;20230536;ENSG00000113141;observational
0.035;dwrcp;2.2689918615740883;pi_width;20230536;ENSG00000113141;observational
