penalty;method;value;score;sim;env;training
0.03;rcp;0.9971264367816092;in_pi;20230532;ENSG00000072756;observational
0.03;dwrcp;0.9942362633712045;in_pi;20230532;ENSG00000072756;observational
0.03;rcp;3.2328223869395685;pi_width;20230532;ENSG00000072756;observational
0.03;dwrcp;2.814645893133169;pi_width;20230532;ENSG00000072756;observational
