penalty;method;value;score;sim;env;training
0.001;rcp;1.0;in_pi;20230576;ENSG00000168538;observational
0.001;dwrcp;0.8695652173913043;in_pi;20230576;ENSG00000168538;observational
0.001;rcp;3.2148173815212426;pi_width;20230576;ENSG00000168538;observational
0.001;dwrcp;2.1140684261253178;pi_width;20230576;ENSG00000168538;observational
