penalty;method;value;score;sim;env;training
0.015;rcp;1.0;in_pi;20230575;ENSG00000111581;pooled
0.015;dwrcp;0.9347826086956521;in_pi;20230575;ENSG00000111581;pooled
0.015;rcp;3.631689626454727;pi_width;20230575;ENSG00000111581;pooled
0.015;dwrcp;1.5292731181117198;pi_width;20230575;ENSG00000111581;pooled
