penalty;method;value;score;sim;env;training
0.015;rcp;1.0;in_pi;20230537;ENSG00000112118;observational
0.015;dwrcp;0.9107990012484395;in_pi;20230537;ENSG00000112118;observational
0.015;rcp;3.144660580234566;pi_width;20230537;ENSG00000112118;observational
0.015;dwrcp;1.2841825893967884;pi_width;20230537;ENSG00000112118;observational
