penalty;method;value;score;sim;env;training
0.04;rcp;1.0;in_pi;20230541;ENSG00000205571;observational
0.04;dwrcp;0.8655660377358491;in_pi;20230541;ENSG00000205571;observational
0.04;rcp;3.2300123461939165;pi_width;20230541;ENSG00000205571;observational
0.04;dwrcp;2.1219847682033097;pi_width;20230541;ENSG00000205571;observational
