penalty;method;value;score;sim;env;training
0.015;rcp;1.0;in_pi;20230564;ENSG00000174243;observational
0.015;dwrcp;0.9047619047619048;in_pi;20230564;ENSG00000174243;observational
0.015;rcp;3.240315509082098;pi_width;20230564;ENSG00000174243;observational
0.015;dwrcp;1.4797103464821508;pi_width;20230564;ENSG00000174243;observational
