penalty;method;value;score;sim;env;training
0.035;rcp;1.0;in_pi;20230537;ENSG00000112118;observational
0.035;dwrcp;0.9331460674157304;in_pi;20230537;ENSG00000112118;observational
0.035;rcp;3.144660580234566;pi_width;20230537;ENSG00000112118;observational
0.035;dwrcp;1.4590770736210796;pi_width;20230537;ENSG00000112118;observational
