penalty;method;value;score;sim;env;training
0.01;rcp;1.0;in_pi;20230550;ENSG00000105258;observational
0.01;dwrcp;0.7200704225352113;in_pi;20230550;ENSG00000105258;observational
0.01;rcp;3.1776461026429597;pi_width;20230550;ENSG00000105258;observational
0.01;dwrcp;1.3342701328950044;pi_width;20230550;ENSG00000105258;observational
