penalty;method;value;score;sim;env;training
0.04;rcp;1.0;in_pi;20230547;ENSG00000183479;observational
0.04;dwrcp;0.9583333333333333;in_pi;20230547;ENSG00000183479;observational
0.04;rcp;3.197289285387751;pi_width;20230547;ENSG00000183479;observational
0.04;dwrcp;1.3809720590979049;pi_width;20230547;ENSG00000183479;observational
