penalty;method;value;score;sim;env;training
0.035;rcp;0.9970238095238095;in_pi;20230551;ENSG00000205609;observational
0.035;dwrcp;0.9078085376162299;in_pi;20230551;ENSG00000205609;observational
0.035;rcp;3.2440958692287354;pi_width;20230551;ENSG00000205609;observational
0.035;dwrcp;2.445426989047535;pi_width;20230551;ENSG00000205609;observational
