penalty;method;value;score;sim;env;training
0.005;rcp;1.0;in_pi;20230556;ENSG00000117360;observational
0.005;dwrcp;0.7925324675324675;in_pi;20230556;ENSG00000117360;observational
0.005;rcp;3.2915896910046905;pi_width;20230556;ENSG00000117360;observational
0.005;dwrcp;1.22625849837469;pi_width;20230556;ENSG00000117360;observational
