penalty;method;value;score;sim;env;training
0.03;rcp;0.9554794520547945;in_pi;20230540;ENSG00000197734;observational
0.03;dwrcp;0.726027397260274;in_pi;20230540;ENSG00000197734;observational
0.03;rcp;3.223034042881416;pi_width;20230540;ENSG00000197734;observational
0.03;dwrcp;1.778684407700296;pi_width;20230540;ENSG00000197734;observational
