penalty;method;value;score;sim;env;training
0.025;rcp;0.98582995951417;in_pi;20230531;ENSG00000108064;observational
0.025;dwrcp;0.9491035280508965;in_pi;20230531;ENSG00000108064;observational
0.025;rcp;1.6621098031520998;pi_width;20230531;ENSG00000108064;observational
0.025;dwrcp;1.2238267571884598;pi_width;20230531;ENSG00000108064;observational
