penalty;method;value;score;sim;env;training
0.005;rcp;1.0;in_pi;20230537;ENSG00000112118;observational
0.005;dwrcp;0.8884519350811486;in_pi;20230537;ENSG00000112118;observational
0.005;rcp;3.144660580234566;pi_width;20230537;ENSG00000112118;observational
0.005;dwrcp;1.1882423190380127;pi_width;20230537;ENSG00000112118;observational
