penalty;method;value;score;sim;env;training
0.03;rcp;0.9930555555555556;in_pi;20230559;ENSG00000105618;observational
0.03;dwrcp;0.9236111111111112;in_pi;20230559;ENSG00000105618;observational
0.03;rcp;3.1441296354418475;pi_width;20230559;ENSG00000105618;observational
0.03;dwrcp;1.8844506295093746;pi_width;20230559;ENSG00000105618;observational
