penalty;method;value;score;sim;env;training
0.001;rcp;1.0;in_pi;20230574;ENSG00000198952;observational
0.001;dwrcp;0.8333333333333333;in_pi;20230574;ENSG00000198952;observational
0.001;rcp;3.2383906830649556;pi_width;20230574;ENSG00000198952;observational
0.001;dwrcp;1.0759304350081766;pi_width;20230574;ENSG00000198952;observational
