penalty;method;value;score;sim;env;training
0.02;rcp;0.9916666666666667;in_pi;20230580;ENSG00000198258;observational
0.02;dwrcp;0.825;in_pi;20230580;ENSG00000198258;observational
0.02;rcp;3.247970140774398;pi_width;20230580;ENSG00000198258;observational
0.02;dwrcp;1.3938758858888671;pi_width;20230580;ENSG00000198258;observational
