penalty;method;value;score;sim;env;training
0.02;rcp;0.9830687263105199;in_pi;20230568;ENSG00000152253;observational
0.02;dwrcp;0.909059214760781;in_pi;20230568;ENSG00000152253;observational
0.02;rcp;3.2249996596437565;pi_width;20230568;ENSG00000152253;observational
0.02;dwrcp;2.1997037171724503;pi_width;20230568;ENSG00000152253;observational
