penalty;method;value;score;sim;env;training
0.04;rcp;0.9930555555555556;in_pi;20230559;ENSG00000105618;observational
0.04;dwrcp;0.9375;in_pi;20230559;ENSG00000105618;observational
0.04;rcp;3.1441296354418475;pi_width;20230559;ENSG00000105618;observational
0.04;dwrcp;1.9762090789009292;pi_width;20230559;ENSG00000105618;observational
