penalty;method;value;score;sim;env;training
0.04;rcp;1.0;in_pi;20230562;ENSG00000083896;observational
0.04;dwrcp;0.9782608695652173;in_pi;20230562;ENSG00000083896;observational
0.04;rcp;3.2164800985677857;pi_width;20230562;ENSG00000083896;observational
0.04;dwrcp;2.109993763810844;pi_width;20230562;ENSG00000083896;observational
