penalty;method;value;score;sim;env;training
0.035;rcp;1.0;in_pi;20230577;ENSG00000144034;observational
0.035;dwrcp;0.5873015873015873;in_pi;20230577;ENSG00000144034;observational
0.035;rcp;3.2085611047687452;pi_width;20230577;ENSG00000144034;observational
0.035;dwrcp;1.7022284271296153;pi_width;20230577;ENSG00000144034;observational
