penalty;method;value;score;sim;env;training
0.015;rcp;0.9903846153846154;in_pi;20230543;ENSG00000070785;observational
0.015;dwrcp;0.6148190045248869;in_pi;20230543;ENSG00000070785;observational
0.015;rcp;3.2236891258537064;pi_width;20230543;ENSG00000070785;observational
0.015;dwrcp;2.0866458415905313;pi_width;20230543;ENSG00000070785;observational
