penalty;method;value;score;sim;env;training
0.015;rcp;1.0;in_pi;20230534;ENSG00000268043;observational
0.015;dwrcp;0.9654963968792806;in_pi;20230534;ENSG00000268043;observational
0.015;rcp;3.3078777899198606;pi_width;20230534;ENSG00000268043;observational
0.015;dwrcp;1.3037134353064288;pi_width;20230534;ENSG00000268043;observational
