penalty;method;value;score;sim;env;training
0.02;rcp;1.0;in_pi;20230534;ENSG00000268043;observational
0.02;dwrcp;0.9689446727413495;in_pi;20230534;ENSG00000268043;observational
0.02;rcp;3.3078777899198606;pi_width;20230534;ENSG00000268043;observational
0.02;dwrcp;1.347792200249934;pi_width;20230534;ENSG00000268043;observational
