penalty;method;value;score;sim;env;training
0.04;rcp;1.0;in_pi;20230550;ENSG00000105258;observational
0.04;dwrcp;0.7623239436619718;in_pi;20230550;ENSG00000105258;observational
0.04;rcp;3.1776461026429597;pi_width;20230550;ENSG00000105258;observational
0.04;dwrcp;1.463685640315683;pi_width;20230550;ENSG00000105258;observational
