penalty;method;value;score;sim;env;training
0.015;rcp;1.0;in_pi;20230533;ENSG00000119414;observational
0.015;dwrcp;0.9454199246787023;in_pi;20230533;ENSG00000119414;observational
0.015;rcp;3.251011428267164;pi_width;20230533;ENSG00000119414;observational
0.015;dwrcp;1.2085456264731018;pi_width;20230533;ENSG00000119414;observational
