penalty;method;value;score;sim;env;training
0.025;rcp;1.0;in_pi;20230570;ENSG00000163754;observational
0.025;dwrcp;0.9577464788732395;in_pi;20230570;ENSG00000163754;observational
0.025;rcp;3.212692813940783;pi_width;20230570;ENSG00000163754;observational
0.025;dwrcp;1.4122452399693213;pi_width;20230570;ENSG00000163754;observational
