penalty;method;value;score;sim;env;training
0.025;rcp;1.0;in_pi;20230547;ENSG00000183479;observational
0.025;dwrcp;0.9401041666666667;in_pi;20230547;ENSG00000183479;observational
0.025;rcp;3.197289285387751;pi_width;20230547;ENSG00000183479;observational
0.025;dwrcp;1.2994142206236665;pi_width;20230547;ENSG00000183479;observational
