penalty;method;value;score;sim;env;training
0.04;rcp;1.0;in_pi;20230534;ENSG00000268043;observational
0.04;dwrcp;0.9767032934310047;in_pi;20230534;ENSG00000268043;observational
0.04;rcp;3.3078777899198606;pi_width;20230534;ENSG00000268043;observational
0.04;dwrcp;1.4196242616393508;pi_width;20230534;ENSG00000268043;observational
