penalty;method;value;score;sim;env;training
0.005;rcp;0.9554794520547945;in_pi;20230540;ENSG00000197734;observational
0.005;dwrcp;0.6643835616438356;in_pi;20230540;ENSG00000197734;observational
0.005;rcp;3.223034042881416;pi_width;20230540;ENSG00000197734;observational
0.005;dwrcp;1.4682494616947597;pi_width;20230540;ENSG00000197734;observational
