penalty;method;value;score;sim;env;training
0.005;rcp;1.0;in_pi;20230547;ENSG00000183479;observational
0.005;dwrcp;0.9140625;in_pi;20230547;ENSG00000183479;observational
0.005;rcp;3.197289285387751;pi_width;20230547;ENSG00000183479;observational
0.005;dwrcp;1.1272435822738585;pi_width;20230547;ENSG00000183479;observational
