penalty;method;value;score;sim;env;training
0.04;rcp;1.0;in_pi;20230535;ENSG00000146007;observational
0.04;dwrcp;0.9739583333333333;in_pi;20230535;ENSG00000146007;observational
0.04;rcp;3.2080097370306015;pi_width;20230535;ENSG00000146007;observational
0.04;dwrcp;1.6527908232343138;pi_width;20230535;ENSG00000146007;observational
