penalty;method;value;score;sim;env;training
0.03;rcp;1.0;in_pi;20230565;ENSG00000189091;observational
0.03;dwrcp;0.8767123287671232;in_pi;20230565;ENSG00000189091;observational
0.03;rcp;3.2731358920480234;pi_width;20230565;ENSG00000189091;observational
0.03;dwrcp;2.034460017243239;pi_width;20230565;ENSG00000189091;observational
