penalty;method;value;score;sim;env;training
0.03;rcp;1.0;in_pi;20230537;ENSG00000112118;observational
0.03;dwrcp;0.9275280898876405;in_pi;20230537;ENSG00000112118;observational
0.03;rcp;3.144660580234566;pi_width;20230537;ENSG00000112118;observational
0.03;dwrcp;1.4092677611839495;pi_width;20230537;ENSG00000112118;observational
