penalty;method;value;score;sim;env;training
0.02;rcp;1.0;in_pi;20230564;ENSG00000174243;observational
0.02;dwrcp;0.9107142857142857;in_pi;20230564;ENSG00000174243;observational
0.02;rcp;3.240315509082098;pi_width;20230564;ENSG00000174243;observational
0.02;dwrcp;1.51135005683947;pi_width;20230564;ENSG00000174243;observational
