penalty;method;value;score;sim;env;training
0.04;rcp;1.0;in_pi;20230560;ENSG00000110713;observational
0.04;dwrcp;0.9901960784313726;in_pi;20230560;ENSG00000110713;observational
0.04;rcp;3.226494409029487;pi_width;20230560;ENSG00000110713;observational
0.04;dwrcp;2.6804811435467224;pi_width;20230560;ENSG00000110713;observational
