penalty;method;value;score;sim;env;training
0.03;rcp;0.9970238095238095;in_pi;20230551;ENSG00000205609;observational
0.03;dwrcp;0.8334037757114681;in_pi;20230551;ENSG00000205609;observational
0.03;rcp;3.2440958692287354;pi_width;20230551;ENSG00000205609;observational
0.03;dwrcp;2.313820758433636;pi_width;20230551;ENSG00000205609;observational
