penalty;method;value;score;sim;env;training
0.02;rcp;1.0;in_pi;20230555;ENSG00000124207;observational
0.02;dwrcp;0.9603174603174603;in_pi;20230555;ENSG00000124207;observational
0.02;rcp;3.2164606272816636;pi_width;20230555;ENSG00000124207;observational
0.02;dwrcp;1.5576516098281363;pi_width;20230555;ENSG00000124207;observational
