penalty;method;value;score;sim;env;training
0.03;rcp;1.0;in_pi;20230574;ENSG00000198952;observational
0.03;dwrcp;0.9177489177489178;in_pi;20230574;ENSG00000198952;observational
0.03;rcp;3.2383906830649556;pi_width;20230574;ENSG00000198952;observational
0.03;dwrcp;1.3534908018080762;pi_width;20230574;ENSG00000198952;observational
