penalty;method;value;score;sim;env;training
0.035;rcp;1.0;in_pi;20230534;ENSG00000268043;observational
0.035;dwrcp;0.9749791554999703;in_pi;20230534;ENSG00000268043;observational
0.035;rcp;3.3078777899198606;pi_width;20230534;ENSG00000268043;observational
0.035;dwrcp;1.3918709651934398;pi_width;20230534;ENSG00000268043;observational
