penalty;method;value;score;sim;env;training
0.015;rcp;0.9921875;in_pi;20230563;ENSG00000169750;observational
0.015;dwrcp;0.9921875;in_pi;20230563;ENSG00000169750;observational
0.015;rcp;3.250849901470156;pi_width;20230563;ENSG00000169750;observational
0.015;dwrcp;2.634656315218308;pi_width;20230563;ENSG00000169750;observational
