penalty;method;value;score;sim;env;training
0.02;rcp;1.0;in_pi;20230574;ENSG00000198952;observational
0.02;dwrcp;0.9090909090909091;in_pi;20230574;ENSG00000198952;observational
0.02;rcp;3.2383906830649556;pi_width;20230574;ENSG00000198952;observational
0.02;dwrcp;1.2771302588353288;pi_width;20230574;ENSG00000198952;observational
