penalty;method;value;score;sim;env;training
0.035;rcp;1.0;in_pi;20230547;ENSG00000183479;observational
0.035;dwrcp;0.9505208333333334;in_pi;20230547;ENSG00000183479;observational
0.035;rcp;3.197289285387751;pi_width;20230547;ENSG00000183479;observational
0.035;dwrcp;1.35227695270627;pi_width;20230547;ENSG00000183479;observational
