penalty;method;value;score;sim;env;training
0.005;rcp;1.0;in_pi;20230536;ENSG00000113141;observational
0.005;dwrcp;0.9634868421052631;in_pi;20230536;ENSG00000113141;observational
0.005;rcp;3.239692846320485;pi_width;20230536;ENSG00000113141;observational
0.005;dwrcp;1.9346238170323922;pi_width;20230536;ENSG00000113141;observational
